PassengerId,Survived,Pclass,Sex,fare,SibSp,Parch
1,0,3,male,7.25,1,0
2,1,1,female,71.2833,1,0
3,1,3,female,7.925,0,0
4,1,1,female,53.1,1,0
5,0,3,male,8.05,0,0
6,0,3,male,8.4583,0,0
7,0,1,male,51.8625,0,0
8,0,3,male,21.075,3,1
9,1,3,female,11.1333,0,2
10,1,2,female,30.0708,1,0
11,1,3,female,16.7,1,1
12,1,1,female,26.55,0,0
13,0,3,male,8.05,0,0
14,0,3,male,31.275,1,5
15,0,3,female,7.8542,0,0
16,1,2,female,16,0,0
17,0,3,male,29.125,4,1
18,1,2,male,13,0,0
19,0,3,female,18,1,0
20,1,3,female,7.225,0,0
21,0,2,male,26,0,0
22,1,2,male,13,0,0
23,1,3,female,8.0292,0,0
24,1,1,male,35.5,0,0
25,0,3,female,21.075,3,1
26,1,3,female,31.3875,1,5
27,0,3,male,7.225,0,0
28,0,1,male,263,3,2
29,1,3,female,7.8792,0,0
30,0,3,male,7.8958,0,0
31,0,1,male,27.7208,0,0
32,1,1,female,146.5208,1,0
33,1,3,female,7.75,0,0
34,0,2,male,10.5,0,0
35,0,1,male,82.1708,1,0
36,0,1,male,52,1,0
37,1,3,male,7.2292,0,0
38,0,3,male,8.05,0,0
39,0,3,female,18,2,0
40,1,3,female,11.2417,1,0
41,0,3,female,9.475,1,0
42,0,2,female,21,1,0
43,0,3,male,7.8958,0,0
44,1,2,female,41.5792,1,2
45,1,3,female,7.8792,0,0
46,0,3,male,8.05,0,0
47,0,3,male,15.5,1,0
48,1,3,female,7.75,0,0
49,0,3,male,21.6792,2,0
50,0,3,female,17.8,1,0
51,0,3,male,39.6875,4,1
52,0,3,male,7.8,0,0
53,1,1,female,76.7292,1,0
54,1,2,female,26,1,0
55,0,1,male,61.9792,0,1
56,1,1,male,35.5,0,0
57,1,2,female,10.5,0,0
58,0,3,male,7.2292,0,0
59,1,2,female,27.75,1,2
60,0,3,male,46.9,5,2
61,0,3,male,7.2292,0,0
62,1,1,female,80,0,0
63,0,1,male,83.475,1,0
64,0,3,male,27.9,3,2
65,0,1,male,27.7208,0,0
66,1,3,male,15.2458,1,1
67,1,2,female,10.5,0,0
68,0,3,male,8.1583,0,0
69,1,3,female,7.925,4,2
70,0,3,male,8.6625,2,0
71,0,2,male,10.5,0,0
72,0,3,female,46.9,5,2
73,0,2,male,73.5,0,0
74,0,3,male,14.4542,1,0
75,1,3,male,56.4958,0,0
76,0,3,male,7.65,0,0
77,0,3,male,7.8958,0,0
78,0,3,male,8.05,0,0
79,1,2,male,29,0,2
80,1,3,female,12.475,0,0
81,0,3,male,9,0,0
82,1,3,male,9.5,0,0
83,1,3,female,7.7875,0,0
84,0,1,male,47.1,0,0
85,1,2,female,10.5,0,0
86,1,3,female,15.85,3,0
87,0,3,male,34.375,1,3
88,0,3,male,8.05,0,0
89,1,1,female,263,3,2
90,0,3,male,8.05,0,0
91,0,3,male,8.05,0,0
92,0,3,male,7.8542,0,0
93,0,1,male,61.175,1,0
94,0,3,male,20.575,1,2
95,0,3,male,7.25,0,0
96,0,3,male,8.05,0,0
97,0,1,male,34.6542,0,0
98,1,1,male,63.3583,0,1
99,1,2,female,23,0,1
100,0,2,male,26,1,0
101,0,3,female,7.8958,0,0
102,0,3,male,7.8958,0,0
103,0,1,male,77.2875,0,1
104,0,3,male,8.6542,0,0
105,0,3,male,7.925,2,0
106,0,3,male,7.8958,0,0
107,1,3,female,7.65,0,0
108,1,3,male,7.775,0,0
109,0,3,male,7.8958,0,0
110,1,3,female,24.15,1,0
111,0,1,male,52,0,0
112,0,3,female,14.4542,1,0
113,0,3,male,8.05,0,0
114,0,3,female,9.825,1,0
115,0,3,female,14.4583,0,0
116,0,3,male,7.925,0,0
117,0,3,male,7.75,0,0
118,0,2,male,21,1,0
119,0,1,male,247.5208,0,1
120,0,3,female,31.275,4,2
121,0,2,male,73.5,2,0
122,0,3,male,8.05,0,0
123,0,2,male,30.0708,1,0
124,1,2,female,13,0,0
125,0,1,male,77.2875,0,1
126,1,3,male,11.2417,1,0
127,0,3,male,7.75,0,0
128,1,3,male,7.1417,0,0
129,1,3,female,22.3583,1,1
130,0,3,male,6.975,0,0
131,0,3,male,7.8958,0,0
132,0,3,male,7.05,0,0
133,0,3,female,14.5,1,0
134,1,2,female,26,1,0
135,0,2,male,13,0,0
136,0,2,male,15.0458,0,0
137,1,1,female,26.2833,0,2
138,0,1,male,53.1,1,0
139,0,3,male,9.2167,0,0
140,0,1,male,79.2,0,0
141,0,3,female,15.2458,0,2
142,1,3,female,7.75,0,0
143,1,3,female,15.85,1,0
144,0,3,male,6.75,0,0
145,0,2,male,11.5,0,0
146,0,2,male,36.75,1,1
147,1,3,male,7.7958,0,0
148,0,3,female,34.375,2,2
149,0,2,male,26,0,2
150,0,2,male,13,0,0
151,0,2,male,12.525,0,0
152,1,1,female,66.6,1,0
153,0,3,male,8.05,0,0
154,0,3,male,14.5,0,2
155,0,3,male,7.3125,0,0
156,0,1,male,61.3792,0,1
157,1,3,female,7.7333,0,0
158,0,3,male,8.05,0,0
159,0,3,male,8.6625,0,0
160,0,3,male,69.55,8,2
161,0,3,male,16.1,0,1
162,1,2,female,15.75,0,0
163,0,3,male,7.775,0,0
164,0,3,male,8.6625,0,0
165,0,3,male,39.6875,4,1
166,1,3,male,20.525,0,2
167,1,1,female,55,0,1
168,0,3,female,27.9,1,4
169,0,1,male,25.925,0,0
170,0,3,male,56.4958,0,0
171,0,1,male,33.5,0,0
172,0,3,male,29.125,4,1
173,1,3,female,11.1333,1,1
174,0,3,male,7.925,0,0
175,0,1,male,30.6958,0,0
176,0,3,male,7.8542,1,1
177,0,3,male,25.4667,3,1
178,0,1,female,28.7125,0,0
179,0,2,male,13,0,0
180,0,3,male,0,0,0
181,0,3,female,69.55,8,2
182,0,2,male,15.05,0,0
183,0,3,male,31.3875,4,2
184,1,2,male,39,2,1
185,1,3,female,22.025,0,2
186,0,1,male,50,0,0
187,1,3,female,15.5,1,0
188,1,1,male,26.55,0,0
189,0,3,male,15.5,1,1
190,0,3,male,7.8958,0,0
191,1,2,female,13,0,0
192,0,2,male,13,0,0
193,1,3,female,7.8542,1,0
194,1,2,male,26,1,1
195,1,1,female,27.7208,0,0
196,1,1,female,146.5208,0,0
197,0,3,male,7.75,0,0
198,0,3,male,8.4042,0,1
199,1,3,female,7.75,0,0
200,0,2,female,13,0,0
201,0,3,male,9.5,0,0
202,0,3,male,69.55,8,2
203,0,3,male,6.4958,0,0
204,0,3,male,7.225,0,0
205,1,3,male,8.05,0,0
206,0,3,female,10.4625,0,1
207,0,3,male,15.85,1,0
208,1,3,male,18.7875,0,0
209,1,3,female,7.75,0,0
210,1,1,male,31,0,0
211,0,3,male,7.05,0,0
212,1,2,female,21,0,0
213,0,3,male,7.25,0,0
214,0,2,male,13,0,0
215,0,3,male,7.75,1,0
216,1,1,female,113.275,1,0
217,1,3,female,7.925,0,0
218,0,2,male,27,1,0
219,1,1,female,76.2917,0,0
220,0,2,male,10.5,0,0
221,1,3,male,8.05,0,0
222,0,2,male,13,0,0
223,0,3,male,8.05,0,0
224,0,3,male,7.8958,0,0
225,1,1,male,90,1,0
226,0,3,male,9.35,0,0
227,1,2,male,10.5,0,0
228,0,3,male,7.25,0,0
229,0,2,male,13,0,0
230,0,3,female,25.4667,3,1
231,1,1,female,83.475,1,0
232,0,3,male,7.775,0,0
233,0,2,male,13.5,0,0
234,1,3,female,31.3875,4,2
235,0,2,male,10.5,0,0
236,0,3,female,7.55,0,0
237,0,2,male,26,1,0
238,1,2,female,26.25,0,2
239,0,2,male,10.5,0,0
240,0,2,male,12.275,0,0
241,0,3,female,14.4542,1,0
242,1,3,female,15.5,1,0
243,0,2,male,10.5,0,0
244,0,3,male,7.125,0,0
245,0,3,male,7.225,0,0
246,0,1,male,90,2,0
247,0,3,female,7.775,0,0
248,1,2,female,14.5,0,2
249,1,1,male,52.5542,1,1
250,0,2,male,26,1,0
251,0,3,male,7.25,0,0
252,0,3,female,10.4625,1,1
253,0,1,male,26.55,0,0
254,0,3,male,16.1,1,0
255,0,3,female,20.2125,0,2
256,1,3,female,15.2458,0,2
257,1,1,female,79.2,0,0
258,1,1,female,86.5,0,0
259,1,1,female,512.3292,0,0
260,1,2,female,26,0,1
261,0,3,male,7.75,0,0
262,1,3,male,31.3875,4,2
263,0,1,male,79.65,1,1
264,0,1,male,0,0,0
265,0,3,female,7.75,0,0
266,0,2,male,10.5,0,0
267,0,3,male,39.6875,4,1
268,1,3,male,7.775,1,0
269,1,1,female,153.4625,0,1
270,1,1,female,135.6333,0,0
271,0,1,male,31,0,0
272,1,3,male,0,0,0
273,1,2,female,19.5,0,1
274,0,1,male,29.7,0,1
275,1,3,female,7.75,0,0
276,1,1,female,77.9583,1,0
277,0,3,female,7.75,0,0
278,0,2,male,0,0,0
279,0,3,male,29.125,4,1
280,1,3,female,20.25,1,1
281,0,3,male,7.75,0,0
282,0,3,male,7.8542,0,0
283,0,3,male,9.5,0,0
284,1,3,male,8.05,0,0
285,0,1,male,26,0,0
286,0,3,male,8.6625,0,0
287,1,3,male,9.5,0,0
288,0,3,male,7.8958,0,0
289,1,2,male,13,0,0
290,1,3,female,7.75,0,0
291,1,1,female,78.85,0,0
292,1,1,female,91.0792,1,0
293,0,2,male,12.875,0,0
294,0,3,female,8.85,0,0
295,0,3,male,7.8958,0,0
296,0,1,male,27.7208,0,0
297,0,3,male,7.2292,0,0
298,0,1,female,151.55,1,2
299,1,1,male,30.5,0,0
300,1,1,female,247.5208,0,1
301,1,3,female,7.75,0,0
302,1,3,male,23.25,2,0
303,0,3,male,0,0,0
304,1,2,female,12.35,0,0
305,0,3,male,8.05,0,0
306,1,1,male,151.55,1,2
307,1,1,female,110.8833,0,0
308,1,1,female,108.9,1,0
309,0,2,male,24,1,0
310,1,1,female,56.9292,0,0
311,1,1,female,83.1583,0,0
312,1,1,female,262.375,2,2
313,0,2,female,26,1,1
314,0,3,male,7.8958,0,0
315,0,2,male,26.25,1,1
316,1,3,female,7.8542,0,0
317,1,2,female,26,1,0
318,0,2,male,14,0,0
319,1,1,female,164.8667,0,2
320,1,1,female,134.5,1,1
321,0,3,male,7.25,0,0
322,0,3,male,7.8958,0,0
323,1,2,female,12.35,0,0
324,1,2,female,29,1,1
325,0,3,male,69.55,8,2
326,1,1,female,135.6333,0,0
327,0,3,male,6.2375,0,0
328,1,2,female,13,0,0
329,1,3,female,20.525,1,1
330,1,1,female,57.9792,0,1
331,1,3,female,23.25,2,0
332,0,1,male,28.5,0,0
333,0,1,male,153.4625,0,1
334,0,3,male,18,2,0
335,1,1,female,133.65,1,0
336,0,3,male,7.8958,0,0
337,0,1,male,66.6,1,0
338,1,1,female,134.5,0,0
339,1,3,male,8.05,0,0
340,0,1,male,35.5,0,0
341,1,2,male,26,1,1
342,1,1,female,263,3,2
343,0,2,male,13,0,0
344,0,2,male,13,0,0
345,0,2,male,13,0,0
346,1,2,female,13,0,0
347,1,2,female,13,0,0
348,1,3,female,16.1,1,0
349,1,3,male,15.9,1,1
350,0,3,male,8.6625,0,0
351,0,3,male,9.225,0,0
352,0,1,male,35,0,0
353,0,3,male,7.2292,1,1
354,0,3,male,17.8,1,0
355,0,3,male,7.225,0,0
356,0,3,male,9.5,0,0
357,1,1,female,55,0,1
358,0,2,female,13,0,0
359,1,3,female,7.8792,0,0
360,1,3,female,7.8792,0,0
361,0,3,male,27.9,1,4
362,0,2,male,27.7208,1,0
363,0,3,female,14.4542,0,1
364,0,3,male,7.05,0,0
365,0,3,male,15.5,1,0
366,0,3,male,7.25,0,0
367,1,1,female,75.25,1,0
368,1,3,female,7.2292,0,0
369,1,3,female,7.75,0,0
370,1,1,female,69.3,0,0
371,1,1,male,55.4417,1,0
372,0,3,male,6.4958,1,0
373,0,3,male,8.05,0,0
374,0,1,male,135.6333,0,0
375,0,3,female,21.075,3,1
376,1,1,female,82.1708,1,0
377,1,3,female,7.25,0,0
378,0,1,male,211.5,0,2
379,0,3,male,4.0125,0,0
380,0,3,male,7.775,0,0
381,1,1,female,227.525,0,0
382,1,3,female,15.7417,0,2
383,0,3,male,7.925,0,0
384,1,1,female,52,1,0
385,0,3,male,7.8958,0,0
386,0,2,male,73.5,0,0
387,0,3,male,46.9,5,2
388,1,2,female,13,0,0
389,0,3,male,7.7292,0,0
390,1,2,female,12,0,0
391,1,1,male,120,1,2
392,1,3,male,7.7958,0,0
393,0,3,male,7.925,2,0
394,1,1,female,113.275,1,0
395,1,3,female,16.7,0,2
396,0,3,male,7.7958,0,0
397,0,3,female,7.8542,0,0
398,0,2,male,26,0,0
399,0,2,male,10.5,0,0
400,1,2,female,12.65,0,0
401,1,3,male,7.925,0,0
402,0,3,male,8.05,0,0
403,0,3,female,9.825,1,0
404,0,3,male,15.85,1,0
405,0,3,female,8.6625,0,0
406,0,2,male,21,1,0
407,0,3,male,7.75,0,0
408,1,2,male,18.75,1,1
409,0,3,male,7.775,0,0
410,0,3,female,25.4667,3,1
411,0,3,male,7.8958,0,0
412,0,3,male,6.8583,0,0
413,1,1,female,90,1,0
414,0,2,male,0,0,0
415,1,3,male,7.925,0,0
416,0,3,female,8.05,0,0
417,1,2,female,32.5,1,1
418,1,2,female,13,0,2
419,0,2,male,13,0,0
420,0,3,female,24.15,0,2
421,0,3,male,7.8958,0,0
422,0,3,male,7.7333,0,0
423,0,3,male,7.875,0,0
424,0,3,female,14.4,1,1
425,0,3,male,20.2125,1,1
426,0,3,male,7.25,0,0
427,1,2,female,26,1,0
428,1,2,female,26,0,0
429,0,3,male,7.75,0,0
430,1,3,male,8.05,0,0
431,1,1,male,26.55,0,0
432,1,3,female,16.1,1,0
433,1,2,female,26,1,0
434,0,3,male,7.125,0,0
435,0,1,male,55.9,1,0
436,1,1,female,120,1,2
437,0,3,female,34.375,2,2
438,1,2,female,18.75,2,3
439,0,1,male,263,1,4
440,0,2,male,10.5,0,0
441,1,2,female,26.25,1,1
442,0,3,male,9.5,0,0
443,0,3,male,7.775,1,0
444,1,2,female,13,0,0
445,1,3,male,8.1125,0,0
446,1,1,male,81.8583,0,2
447,1,2,female,19.5,0,1
448,1,1,male,26.55,0,0
449,1,3,female,19.2583,2,1
450,1,1,male,30.5,0,0
451,0,2,male,27.75,1,2
452,0,3,male,19.9667,1,0
453,0,1,male,27.75,0,0
454,1,1,male,89.1042,1,0
455,0,3,male,8.05,0,0
456,1,3,male,7.8958,0,0
457,0,1,male,26.55,0,0
458,1,1,female,51.8625,1,0
459,1,2,female,10.5,0,0
460,0,3,male,7.75,0,0
461,1,1,male,26.55,0,0
462,0,3,male,8.05,0,0
463,0,1,male,38.5,0,0
464,0,2,male,13,0,0
465,0,3,male,8.05,0,0
466,0,3,male,7.05,0,0
467,0,2,male,0,0,0
468,0,1,male,26.55,0,0
469,0,3,male,7.725,0,0
470,1,3,female,19.2583,2,1
471,0,3,male,7.25,0,0
472,0,3,male,8.6625,0,0
473,1,2,female,27.75,1,2
474,1,2,female,13.7917,0,0
475,0,3,female,9.8375,0,0
476,0,1,male,52,0,0
477,0,2,male,21,1,0
478,0,3,male,7.0458,1,0
479,0,3,male,7.5208,0,0
480,1,3,female,12.2875,0,1
481,0,3,male,46.9,5,2
482,0,2,male,0,0,0
483,0,3,male,8.05,0,0
484,1,3,female,9.5875,0,0
485,1,1,male,91.0792,1,0
486,0,3,female,25.4667,3,1
487,1,1,female,90,1,0
488,0,1,male,29.7,0,0
489,0,3,male,8.05,0,0
490,1,3,male,15.9,1,1
491,0,3,male,19.9667,1,0
492,0,3,male,7.25,0,0
493,0,1,male,30.5,0,0
494,0,1,male,49.5042,0,0
495,0,3,male,8.05,0,0
496,0,3,male,14.4583,0,0
497,1,1,female,78.2667,1,0
498,0,3,male,15.1,0,0
499,0,1,female,151.55,1,2
500,0,3,male,7.7958,0,0
501,0,3,male,8.6625,0,0
502,0,3,female,7.75,0,0
503,0,3,female,7.6292,0,0
504,0,3,female,9.5875,0,0
505,1,1,female,86.5,0,0
506,0,1,male,108.9,1,0
507,1,2,female,26,0,2
508,1,1,male,26.55,0,0
509,0,3,male,22.525,0,0
510,1,3,male,56.4958,0,0
511,1,3,male,7.75,0,0
512,0,3,male,8.05,0,0
513,1,1,male,26.2875,0,0
514,1,1,female,59.4,1,0
515,0,3,male,7.4958,0,0
516,0,1,male,34.0208,0,0
517,1,2,female,10.5,0,0
518,0,3,male,24.15,0,0
519,1,2,female,26,1,0
520,0,3,male,7.8958,0,0
521,1,1,female,93.5,0,0
522,0,3,male,7.8958,0,0
523,0,3,male,7.225,0,0
524,1,1,female,57.9792,0,1
525,0,3,male,7.2292,0,0
526,0,3,male,7.75,0,0
527,1,2,female,10.5,0,0
528,0,1,male,221.7792,0,0
529,0,3,male,7.925,0,0
530,0,2,male,11.5,2,1
531,1,2,female,26,1,1
532,0,3,male,7.2292,0,0
533,0,3,male,7.2292,1,1
534,1,3,female,22.3583,0,2
535,0,3,female,8.6625,0,0
536,1,2,female,26.25,0,2
537,0,1,male,26.55,0,0
538,1,1,female,106.425,0,0
539,0,3,male,14.5,0,0
540,1,1,female,49.5,0,2
541,1,1,female,71,0,2
542,0,3,female,31.275,4,2
543,0,3,female,31.275,4,2
544,1,2,male,26,1,0
545,0,1,male,106.425,1,0
546,0,1,male,26,0,0
547,1,2,female,26,1,0
548,1,2,male,13.8625,0,0
549,0,3,male,20.525,1,1
550,1,2,male,36.75,1,1
551,1,1,male,110.8833,0,2
552,0,2,male,26,0,0
553,0,3,male,7.8292,0,0
554,1,3,male,7.225,0,0
555,1,3,female,7.775,0,0
556,0,1,male,26.55,0,0
557,1,1,female,39.6,1,0
558,0,1,male,227.525,0,0
559,1,1,female,79.65,1,1
560,1,3,female,17.4,1,0
561,0,3,male,7.75,0,0
562,0,3,male,7.8958,0,0
563,0,2,male,13.5,0,0
564,0,3,male,8.05,0,0
565,0,3,female,8.05,0,0
566,0,3,male,24.15,2,0
567,0,3,male,7.8958,0,0
568,0,3,female,21.075,0,4
569,0,3,male,7.2292,0,0
570,1,3,male,7.8542,0,0
571,1,2,male,10.5,0,0
572,1,1,female,51.4792,2,0
573,1,1,male,26.3875,0,0
574,1,3,female,7.75,0,0
575,0,3,male,8.05,0,0
576,0,3,male,14.5,0,0
577,1,2,female,13,0,0
578,1,1,female,55.9,1,0
579,0,3,female,14.4583,1,0
580,1,3,male,7.925,0,0
581,1,2,female,30,1,1
582,1,1,female,110.8833,1,1
583,0,2,male,26,0,0
584,0,1,male,40.125,0,0
585,0,3,male,8.7125,0,0
586,1,1,female,79.65,0,2
587,0,2,male,15,0,0
588,1,1,male,79.2,1,1
589,0,3,male,8.05,0,0
590,0,3,male,8.05,0,0
591,0,3,male,7.125,0,0
592,1,1,female,78.2667,1,0
593,0,3,male,7.25,0,0
594,0,3,female,7.75,0,2
595,0,2,male,26,1,0
596,0,3,male,24.15,1,1
597,1,2,female,33,0,0
598,0,3,male,0,0,0
599,0,3,male,7.225,0,0
600,1,1,male,56.9292,1,0
601,1,2,female,27,2,1
602,0,3,male,7.8958,0,0
603,0,1,male,42.4,0,0
604,0,3,male,8.05,0,0
605,1,1,male,26.55,0,0
606,0,3,male,15.55,1,0
607,0,3,male,7.8958,0,0
608,1,1,male,30.5,0,0
609,1,2,female,41.5792,1,2
610,1,1,female,153.4625,0,0
611,0,3,female,31.275,1,5
612,0,3,male,7.05,0,0
613,1,3,female,15.5,1,0
614,0,3,male,7.75,0,0
615,0,3,male,8.05,0,0
616,1,2,female,65,1,2
617,0,3,male,14.4,1,1
618,0,3,female,16.1,1,0
619,1,2,female,39,2,1
620,0,2,male,10.5,0,0
621,0,3,male,14.4542,1,0
622,1,1,male,52.5542,1,0
623,1,3,male,15.7417,1,1
624,0,3,male,7.8542,0,0
625,0,3,male,16.1,0,0
626,0,1,male,32.3208,0,0
627,0,2,male,12.35,0,0
628,1,1,female,77.9583,0,0
629,0,3,male,7.8958,0,0
630,0,3,male,7.7333,0,0
631,1,1,male,30,0,0
632,0,3,male,7.0542,0,0
633,1,1,male,30.5,0,0
634,0,1,male,0,0,0
635,0,3,female,27.9,3,2
636,1,2,female,13,0,0
637,0,3,male,7.925,0,0
638,0,2,male,26.25,1,1
639,0,3,female,39.6875,0,5
640,0,3,male,16.1,1,0
641,0,3,male,7.8542,0,0
642,1,1,female,69.3,0,0
643,0,3,female,27.9,3,2
644,1,3,male,56.4958,0,0
645,1,3,female,19.2583,2,1
646,1,1,male,76.7292,1,0
647,0,3,male,7.8958,0,0
648,1,1,male,35.5,0,0
649,0,3,male,7.55,0,0
650,1,3,female,7.55,0,0
651,0,3,male,7.8958,0,0
652,1,2,female,23,0,1
653,0,3,male,8.4333,0,0
654,1,3,female,7.8292,0,0
655,0,3,female,6.75,0,0
656,0,2,male,73.5,2,0
657,0,3,male,7.8958,0,0
658,0,3,female,15.5,1,1
659,0,2,male,13,0,0
660,0,1,male,113.275,0,2
661,1,1,male,133.65,2,0
662,0,3,male,7.225,0,0
663,0,1,male,25.5875,0,0
664,0,3,male,7.4958,0,0
665,1,3,male,7.925,1,0
666,0,2,male,73.5,2,0
667,0,2,male,13,0,0
668,0,3,male,7.775,0,0
669,0,3,male,8.05,0,0
670,1,1,female,52,1,0
671,1,2,female,39,1,1
672,0,1,male,52,1,0
673,0,2,male,10.5,0,0
674,1,2,male,13,0,0
675,0,2,male,0,0,0
676,0,3,male,7.775,0,0
677,0,3,male,8.05,0,0
678,1,3,female,9.8417,0,0
679,0,3,female,46.9,1,6
680,1,1,male,512.3292,0,1
681,0,3,female,8.1375,0,0
682,1,1,male,76.7292,0,0
683,0,3,male,9.225,0,0
684,0,3,male,46.9,5,2
685,0,2,male,39,1,1
686,0,2,male,41.5792,1,2
687,0,3,male,39.6875,4,1
688,0,3,male,10.1708,0,0
689,0,3,male,7.7958,0,0
690,1,1,female,211.3375,0,1
691,1,1,male,57,1,0
692,1,3,female,13.4167,0,1
693,1,3,male,56.4958,0,0
694,0,3,male,7.225,0,0
695,0,1,male,26.55,0,0
696,0,2,male,13.5,0,0
697,0,3,male,8.05,0,0
698,1,3,female,7.7333,0,0
699,0,1,male,110.8833,1,1
700,0,3,male,7.65,0,0
701,1,1,female,227.525,1,0
702,1,1,male,26.2875,0,0
703,0,3,female,14.4542,0,1
704,0,3,male,7.7417,0,0
705,0,3,male,7.8542,1,0
706,0,2,male,26,0,0
707,1,2,female,13.5,0,0
708,1,1,male,26.2875,0,0
709,1,1,female,151.55,0,0
710,1,3,male,15.2458,1,1
711,1,1,female,49.5042,0,0
712,0,1,male,26.55,0,0
713,1,1,male,52,1,0
714,0,3,male,9.4833,0,0
715,0,2,male,13,0,0
716,0,3,male,7.65,0,0
717,1,1,female,227.525,0,0
718,1,2,female,10.5,0,0
719,0,3,male,15.5,0,0
720,0,3,male,7.775,0,0
721,1,2,female,33,0,1
722,0,3,male,7.0542,1,0
723,0,2,male,13,0,0
724,0,2,male,13,0,0
725,1,1,male,53.1,1,0
726,0,3,male,8.6625,0,0
727,1,2,female,21,3,0
728,1,3,female,7.7375,0,0
729,0,2,male,26,1,0
730,0,3,female,7.925,1,0
731,1,1,female,211.3375,0,0
732,0,3,male,18.7875,0,0
733,0,2,male,0,0,0
734,0,2,male,13,0,0
735,0,2,male,13,0,0
736,0,3,male,16.1,0,0
737,0,3,female,34.375,1,3
738,1,1,male,512.3292,0,0
739,0,3,male,7.8958,0,0
740,0,3,male,7.8958,0,0
741,1,1,male,30,0,0
742,0,1,male,78.85,1,0
743,1,1,female,262.375,2,2
744,0,3,male,16.1,1,0
745,1,3,male,7.925,0,0
746,0,1,male,71,1,1
747,0,3,male,20.25,1,1
748,1,2,female,13,0,0
749,0,1,male,53.1,1,0
750,0,3,male,7.75,0,0
751,1,2,female,23,1,1
752,1,3,male,12.475,0,1
753,0,3,male,9.5,0,0
754,0,3,male,7.8958,0,0
755,1,2,female,65,1,2
756,1,2,male,14.5,1,1
757,0,3,male,7.7958,0,0
758,0,2,male,11.5,0,0
759,0,3,male,8.05,0,0
760,1,1,female,86.5,0,0
761,0,3,male,14.5,0,0
762,0,3,male,7.125,0,0
763,1,3,male,7.2292,0,0
764,1,1,female,120,1,2
765,0,3,male,7.775,0,0
766,1,1,female,77.9583,1,0
767,0,1,male,39.6,0,0
768,0,3,female,7.75,0,0
769,0,3,male,24.15,1,0
770,0,3,male,8.3625,0,0
771,0,3,male,9.5,0,0
772,0,3,male,7.8542,0,0
773,0,2,female,10.5,0,0
774,0,3,male,7.225,0,0
775,1,2,female,23,1,3
776,0,3,male,7.75,0,0
777,0,3,male,7.75,0,0
778,1,3,female,12.475,0,0
779,0,3,male,7.7375,0,0
780,1,1,female,211.3375,0,1
781,1,3,female,7.2292,0,0
782,1,1,female,57,1,0
783,0,1,male,30,0,0
784,0,3,male,23.45,1,2
785,0,3,male,7.05,0,0
786,0,3,male,7.25,0,0
787,1,3,female,7.4958,0,0
788,0,3,male,29.125,4,1
789,1,3,male,20.575,1,2
790,0,1,male,79.2,0,0
791,0,3,male,7.75,0,0
792,0,2,male,26,0,0
793,0,3,female,69.55,8,2
794,0,1,male,30.6958,0,0
795,0,3,male,7.8958,0,0
796,0,2,male,13,0,0
797,1,1,female,25.9292,0,0
798,1,3,female,8.6833,0,0
799,0,3,male,7.2292,0,0
800,0,3,female,24.15,1,1
801,0,2,male,13,0,0
802,1,2,female,26.25,1,1
803,1,1,male,120,1,2
804,1,3,male,8.5167,0,1
805,1,3,male,6.975,0,0
806,0,3,male,7.775,0,0
807,0,1,male,0,0,0
808,0,3,female,7.775,0,0
809,0,2,male,13,0,0
810,1,1,female,53.1,1,0
811,0,3,male,7.8875,0,0
812,0,3,male,24.15,0,0
813,0,2,male,10.5,0,0
814,0,3,female,31.275,4,2
815,0,3,male,8.05,0,0
816,0,1,male,0,0,0
817,0,3,female,7.925,0,0
818,0,2,male,37.0042,1,1
819,0,3,male,6.45,0,0
820,0,3,male,27.9,3,2
821,1,1,female,93.5,1,1
822,1,3,male,8.6625,0,0
823,0,1,male,0,0,0
824,1,3,female,12.475,0,1
825,0,3,male,39.6875,4,1
826,0,3,male,6.95,0,0
827,0,3,male,56.4958,0,0
828,1,2,male,37.0042,0,2
829,1,3,male,7.75,0,0
830,1,1,female,80,0,0
831,1,3,female,14.4542,1,0
832,1,2,male,18.75,1,1
833,0,3,male,7.2292,0,0
834,0,3,male,7.8542,0,0
835,0,3,male,8.3,0,0
836,1,1,female,83.1583,1,1
837,0,3,male,8.6625,0,0
838,0,3,male,8.05,0,0
839,1,3,male,56.4958,0,0
840,1,1,male,29.7,0,0
841,0,3,male,7.925,0,0
842,0,2,male,10.5,0,0
843,1,1,female,31,0,0
844,0,3,male,6.4375,0,0
845,0,3,male,8.6625,0,0
846,0,3,male,7.55,0,0
847,0,3,male,69.55,8,2
848,0,3,male,7.8958,0,0
849,0,2,male,33,0,1
850,1,1,female,89.1042,1,0
851,0,3,male,31.275,4,2
852,0,3,male,7.775,0,0
853,0,3,female,15.2458,1,1
854,1,1,female,39.4,0,1
855,0,2,female,26,1,0
856,1,3,female,9.35,0,1
857,1,1,female,164.8667,1,1
858,1,1,male,26.55,0,0
859,1,3,female,19.2583,0,3
860,0,3,male,7.2292,0,0
861,0,3,male,14.1083,2,0
862,0,2,male,11.5,1,0
863,1,1,female,25.9292,0,0
864,0,3,female,69.55,8,2
865,0,2,male,13,0,0
866,1,2,female,13,0,0
867,1,2,female,13.8583,1,0
868,0,1,male,50.4958,0,0
869,0,3,male,9.5,0,0
870,1,3,male,11.1333,1,1
871,0,3,male,7.8958,0,0
872,1,1,female,52.5542,1,1
873,0,1,male,5,0,0
874,0,3,male,9,0,0
875,1,2,female,24,1,0
876,1,3,female,7.225,0,0
877,0,3,male,9.8458,0,0
878,0,3,male,7.8958,0,0
879,0,3,male,7.8958,0,0
880,1,1,female,83.1583,0,1
881,1,2,female,26,0,1
882,0,3,male,7.8958,0,0
883,0,3,female,10.5167,0,0
884,0,2,male,10.5,0,0
885,0,3,male,7.05,0,0
886,0,3,female,29.125,0,5
887,0,2,male,13,0,0
888,1,1,female,30,0,0
889,0,3,female,23.45,1,2
890,1,1,male,30,0,0
891,0,3,male,7.75,0,0
